/*
INTEGRANTES
Ariel Fernandes 1700760
Thiago Roldão 1520133
Gabriel Chaves 1700727
Vitor Freitas 1700741
Maria Cecilia 1700785
*/

USE ImpactaDB
GO

/*INSERÇÃO TABELA CURSO*/
INSERT Curso (SIGLA, NOME) VALUES ('ADM', 'Administração')
INSERT Curso (SIGLA, NOME) VALUES ('SI', 'Sistema de Informação')
INSERT Curso (SIGLA, NOME) VALUES ('FIL', 'Filosofia')
INSERT Curso (SIGLA, NOME) VALUES ('PG', 'Pedagogia')
INSERT Curso (SIGLA, NOME) VALUES ('PP', 'Publicidade e Propaganda')

/*INSERÇÃO TABELA ALUNOS*/
INSERT Aluno (RA, NOME, EMAIL, CELULAR, SIGLA_CURSO) VALUES ('61', 'Robson', 'Rob@gmail.com', '912345678', 'SI')
INSERT Aluno (RA, NOME, EMAIL, CELULAR, SIGLA_CURSO) VALUES ('62', 'Cleiton', 'Cleitonrasta@gmail.com', '912345679', 'SI')
INSERT Aluno (RA, NOME, EMAIL, CELULAR, SIGLA_CURSO) VALUES ('63', 'Nilce', 'Nilce_gatinha123@gmail.com', '912345677', 'SI')

INSERT Aluno (RA, NOME, EMAIL, CELULAR, SIGLA_CURSO) VALUES ('64', 'Fernando', 'Fernando@gmail.com', '91236', 'PP')
INSERT Aluno (RA, NOME, EMAIL, CELULAR, SIGLA_CURSO) VALUES ('65', 'Renato', 'Renato@gmail.com', '9123675', 'PP')
INSERT Aluno (RA, NOME, EMAIL, CELULAR, SIGLA_CURSO) VALUES ('66', 'Felipe', 'Fil@gmail.com', '9123685', 'PP')

INSERT Aluno (RA, NOME, EMAIL, CELULAR, SIGLA_CURSO) VALUES ('67', 'Ronaldo', 'Ronald@gmail.com', '912343', 'PG')
INSERT Aluno (RA, NOME, EMAIL, CELULAR, SIGLA_CURSO) VALUES ('68', 'Renata', 'Rere22@gmail.com', '9123', 'PG')
INSERT Aluno (RA, NOME, EMAIL, CELULAR, SIGLA_CURSO) VALUES ('69', 'Larissa', 'Lari@gmail.com', '912432000', 'PG')

INSERT Aluno (RA, NOME, EMAIL, CELULAR, SIGLA_CURSO) VALUES ('70', 'Jefferson', 'Jeje@gmail.com', '911234312', 'AD')
INSERT Aluno (RA, NOME, EMAIL, CELULAR, SIGLA_CURSO) VALUES ('71', 'Jucelino', 'Juje@gmail.com', '9123432', 'AD')
INSERT Aluno (RA, NOME, EMAIL, CELULAR, SIGLA_CURSO) VALUES ('72', 'Jussara', 'Jussara@gmail.com', '9232323', 'AD')

INSERT Aluno (RA, NOME, EMAIL, CELULAR, SIGLA_CURSO) VALUES ('73', 'DaVinci', 'Davinci@gmail.com', '123456789', 'FI')
INSERT Aluno (RA, NOME, EMAIL, CELULAR, SIGLA_CURSO) VALUES ('74', 'Rafaelo', 'Rafafalolo@gmail.com', '987654321', 'FI')
INSERT Aluno (RA, NOME, EMAIL, CELULAR, SIGLA_CURSO) VALUES ('75', 'Ricky', 'Rickmorty@gmail.com', '91111111', 'FI')

/*INSERÇÃO TABELA GRADE CURRICULAR*/
INSERT GradeCurricular (SIGLA_CURSO, ANO, SEMESTRE) VALUES ('ADM', '2017', '1')
INSERT GradeCurricular (SIGLA_CURSO, ANO, SEMESTRE) VALUES ('FIL', '2018', '2')
INSERT GradeCurricular (SIGLA_CURSO, ANO, SEMESTRE) VALUES ('SI', '2019', '3')
INSERT GradeCurricular (SIGLA_CURSO, ANO, SEMESTRE) VALUES ('PP', '2020', '4')
INSERT GradeCurricular (SIGLA_CURSO, ANO, SEMESTRE) VALUES ('PG', '2021', '5')

/*INSERÇÃO TABELA PERIODO*/
INSERT Periodo (SIGLA_CURSO, ANO_GRADE, SEMESTRE_GRADE, NUMERO) VALUES ('ADM', '2017', '1', '1')
INSERT Periodo (SIGLA_CURSO, ANO_GRADE, SEMESTRE_GRADE, NUMERO) VALUES ('FIL', '2018', '2', '2')
INSERT Periodo (SIGLA_CURSO, ANO_GRADE, SEMESTRE_GRADE, NUMERO) VALUES ('SI', '2019', '3', '3')
INSERT Periodo (SIGLA_CURSO, ANO_GRADE, SEMESTRE_GRADE, NUMERO) VALUES ('PP', '2020', '4', '4')
INSERT Periodo (SIGLA_CURSO, ANO_GRADE, SEMESTRE_GRADE, NUMERO) VALUES ('PG', '2021', '5', '5')

/*INSERÇÃO TABELA DISCIPLINA*/
INSERT Disciplina (NOME, CARGA_HORARIA, TEORIA, PRATICA, EMENTA, COMPETENCIAS, HABILIDADES, CONTEUDO, BIBLIOGRAFIA_BASICA, BIBLIOGRAFIA_COMPLEMENTAR) VALUES ('Administração', '200', '100', '100', 'Curso voltado para amantes de Administração', 'Administrar e ser Organizado', 'Administrar', 'Tudo sobre Administração de Empresas', 'Tutorial Administração Top vol.1', 'Tutorial Administração Top vol.2')
INSERT Disciplina (NOME, CARGA_HORARIA, TEORIA, PRATICA, EMENTA, COMPETENCIAS, HABILIDADES, CONTEUDO, BIBLIOGRAFIA_BASICA, BIBLIOGRAFIA_COMPLEMENTAR) VALUES ('Sistema de Informação', '200', '100', '100', 'Curso voltado para amantes de SI', 'Ligar o computador', 'Programar', 'Tudo sobre softwares de Empresas', 'Tutorial SI Top vol.1', 'Tutorial SI Top vol.2')
INSERT Disciplina (NOME, CARGA_HORARIA, TEORIA, PRATICA, EMENTA, COMPETENCIAS, HABILIDADES, CONTEUDO, BIBLIOGRAFIA_BASICA, BIBLIOGRAFIA_COMPLEMENTAR) VALUES ('Filosofia', '200', '100', '100', 'Curso voltado para amantes de Filosofia', 'Duvidar da vida', 'Filosofar', 'Tudo sobre Filosofia', 'Tutorial Filosofar Top vol.1', 'Tutorial Filosofar Top vol.2')
INSERT Disciplina (NOME, CARGA_HORARIA, TEORIA, PRATICA, EMENTA, COMPETENCIAS, HABILIDADES, CONTEUDO, BIBLIOGRAFIA_BASICA, BIBLIOGRAFIA_COMPLEMENTAR) VALUES ('Pedagogia', '200', '100', '100', 'Curso voltado para amantes do Ensino', 'Lidar com crianças', 'Administrar crianças', 'Tudo sobre alimentação infantil', 'Tutorial Pedagogia Top vol.1', 'Tutorial Pedagogia Top vol.2')
INSERT Disciplina (NOME, CARGA_HORARIA, TEORIA, PRATICA, EMENTA, COMPETENCIAS, HABILIDADES, CONTEUDO, BIBLIOGRAFIA_BASICA, BIBLIOGRAFIA_COMPLEMENTAR) VALUES ('Publicidade e Propaganda', '200', '100', '100', 'Curso voltado para amantes de Marketing', 'Photoshop basico', 'Criar layouts', 'Tudo sobre Publicidade de Empresas', 'Tutorial PP Top vol.1', 'Tutorial PP Top vol.2')

/*INSERÇÃO TABELA DISCIPLINA_OFERTADA*/
INSERT DisciplinaOfertada(NOME_DISCIPLINA, ANO, SEMESTRE) VALUES ('Administração', '2017', '1')
INSERT DisciplinaOfertada(NOME_DISCIPLINA, ANO, SEMESTRE) VALUES ('Filosofia', '2018', '2')
INSERT DisciplinaOfertada(NOME_DISCIPLINA, ANO, SEMESTRE) VALUES ('Sistema de Informação', '2019', '3')
INSERT DisciplinaOfertada(NOME_DISCIPLINA, ANO, SEMESTRE) VALUES ('Publicidade e Propaganda', '2020', '4')
INSERT DisciplinaOfertada(NOME_DISCIPLINA, ANO, SEMESTRE) VALUES ('Pedagogia', '2021', '5')

/*INSERÇÃO TABELA PROFESSOR*/
INSERT Professor(RA, APELIDO, NOME, EMAIL, CELULAR) VALUES ('987', 'Digo', 'Diego', 'didig@gmail.com', '987667888')
INSERT Professor(RA, APELIDO, NOME, EMAIL, CELULAR) VALUES ('985', 'Fran', 'Francisco', 'fran@gmail.com', '987667887')
INSERT Professor(RA, APELIDO, NOME, EMAIL, CELULAR) VALUES ('982', 'Dolfin', 'Cesar', 'dolfin@gmail.com', '987667886')
INSERT Professor(RA, APELIDO, NOME, EMAIL, CELULAR) VALUES ('980', 'Bigode', 'Vitor', 'biga@gmail.com', '987667885')
INSERT Professor(RA, APELIDO, NOME, EMAIL, CELULAR) VALUES ('991', 'Miller', 'Matheus', 'miller@gmail.com', '987667884')

/*INSERÇÃO TABELA TURMA*/
INSERT Turma(NOME_DISCIPLINA, ANO_OFERTADO, SEMESTRE_OFERTADO, ID, TURNO, RA_PROFESSOR) VALUES ('Administração', '2017', '1', '1', 'Noturno', '987')
INSERT Turma(NOME_DISCIPLINA, ANO_OFERTADO, SEMESTRE_OFERTADO, ID, TURNO, RA_PROFESSOR) VALUES ('Filosofia', '2018', '2', '2', 'Matutino', '985')
INSERT Turma(NOME_DISCIPLINA, ANO_OFERTADO, SEMESTRE_OFERTADO, ID, TURNO, RA_PROFESSOR) VALUES ('Sistema de Informação', '2019', '3', '3', 'Noturno', '982')
INSERT Turma(NOME_DISCIPLINA, ANO_OFERTADO, SEMESTRE_OFERTADO, ID, TURNO, RA_PROFESSOR) VALUES ('Publicidade e Propaganda', '2020', '4', '4', 'Noturno', '980')
INSERT Turma(NOME_DISCIPLINA, ANO_OFERTADO, SEMESTRE_OFERTADO, ID, TURNO, RA_PROFESSOR) VALUES ('Pedagogia', '2021', '5', '5', 'Matutino', '991')

/*INSERÇÃO TABELA CURSO_TURMA*/
INSERT CursoTurma (SIGLA_CURSO, NOME_DISCIPLINA, ANO_OFERTADO, SEMESTRE_OFERTADO, ID_TURMA) VALUES ('ADM', 'Administração', '2017', '1', '1')
INSERT CursoTurma (SIGLA_CURSO, NOME_DISCIPLINA, ANO_OFERTADO, SEMESTRE_OFERTADO, ID_TURMA) VALUES ('FIL', 'Filosofia', '2018', '2', '2')
INSERT CursoTurma (SIGLA_CURSO, NOME_DISCIPLINA, ANO_OFERTADO, SEMESTRE_OFERTADO, ID_TURMA) VALUES ('SI', 'Sistema de Informação', '2019', '3', '3')
INSERT CursoTurma (SIGLA_CURSO, NOME_DISCIPLINA, ANO_OFERTADO, SEMESTRE_OFERTADO, ID_TURMA) VALUES ('PP', 'Publicidade e Propaganda', '2020', '4', '4')
INSERT CursoTurma (SIGLA_CURSO, NOME_DISCIPLINA, ANO_OFERTADO, SEMESTRE_OFERTADO, ID_TURMA) VALUES ('PG', 'Pedagogia', '2021', '5', '5')

/*INSERÇÃO TABELA MATRICULA*/
INSERT Matricula(RA_ALUNO, NOME_DISCIPLINA, ANO_OFERTADO, SEMESTRE_OFERTADO, ID_TURMA) VALUES ('61', 'Sistema de Informação', '2019', '3', '3')
INSERT Matricula(RA_ALUNO, NOME_DISCIPLINA, ANO_OFERTADO, SEMESTRE_OFERTADO, ID_TURMA) VALUES ('62', 'Sistema de Informação', '2019', '3', '3')
INSERT Matricula(RA_ALUNO, NOME_DISCIPLINA, ANO_OFERTADO, SEMESTRE_OFERTADO, ID_TURMA) VALUES ('63', 'Sistema de Informação', '2019', '3', '3')

INSERT Matricula(RA_ALUNO, NOME_DISCIPLINA, ANO_OFERTADO, SEMESTRE_OFERTADO, ID_TURMA) VALUES ('70', 'Administração', '2017', '1', '1')
INSERT Matricula(RA_ALUNO, NOME_DISCIPLINA, ANO_OFERTADO, SEMESTRE_OFERTADO, ID_TURMA) VALUES ('71', 'Administração', '2017', '1', '1')
INSERT Matricula(RA_ALUNO, NOME_DISCIPLINA, ANO_OFERTADO, SEMESTRE_OFERTADO, ID_TURMA) VALUES ('72', 'Administração', '2017', '1', '1')

INSERT Matricula(RA_ALUNO, NOME_DISCIPLINA, ANO_OFERTADO, SEMESTRE_OFERTADO, ID_TURMA) VALUES ('73', 'Filosofia', '2018', '2', '2')
INSERT Matricula(RA_ALUNO, NOME_DISCIPLINA, ANO_OFERTADO, SEMESTRE_OFERTADO, ID_TURMA) VALUES ('74', 'Filosofia', '2018', '2', '2')
INSERT Matricula(RA_ALUNO, NOME_DISCIPLINA, ANO_OFERTADO, SEMESTRE_OFERTADO, ID_TURMA) VALUES ('75', 'Filosofia', '2018', '2', '2')

INSERT Matricula(RA_ALUNO, NOME_DISCIPLINA, ANO_OFERTADO, SEMESTRE_OFERTADO, ID_TURMA) VALUES ('64', 'Publicidade e Propaganda', '2020', '4', '4')
INSERT Matricula(RA_ALUNO, NOME_DISCIPLINA, ANO_OFERTADO, SEMESTRE_OFERTADO, ID_TURMA) VALUES ('65', 'Publicidade e Propaganda', '2020', '4', '4')
INSERT Matricula(RA_ALUNO, NOME_DISCIPLINA, ANO_OFERTADO, SEMESTRE_OFERTADO, ID_TURMA) VALUES ('66', 'Publicidade e Propaganda', '2020', '4', '4')

INSERT Matricula(RA_ALUNO, NOME_DISCIPLINA, ANO_OFERTADO, SEMESTRE_OFERTADO, ID_TURMA) VALUES ('67', 'Pedagogia', '2021', '5', '5')
INSERT Matricula(RA_ALUNO, NOME_DISCIPLINA, ANO_OFERTADO, SEMESTRE_OFERTADO, ID_TURMA) VALUES ('68', 'Pedagogia', '2021', '5', '5')
INSERT Matricula(RA_ALUNO, NOME_DISCIPLINA, ANO_OFERTADO, SEMESTRE_OFERTADO, ID_TURMA) VALUES ('69', 'Pedagogia', '2021', '5', '5')

/*INSERÇÃO TABELA PERIODO_DISCIPLINA*/
INSERT PeriodoDisciplina(SIGLA_CURSO, ANO_GRADE, SEMESTRE_GRADE, NUMERO_PERIODO, NOME_DISCIPLINA) VALUES ('ADM', '2017', '1', '1', 'Administração')
INSERT PeriodoDisciplina(SIGLA_CURSO, ANO_GRADE, SEMESTRE_GRADE, NUMERO_PERIODO, NOME_DISCIPLINA) VALUES ('FIL', '2018', '2', '2', 'Filosofia')
INSERT PeriodoDisciplina(SIGLA_CURSO, ANO_GRADE, SEMESTRE_GRADE, NUMERO_PERIODO, NOME_DISCIPLINA) VALUES ('SI', '2019', '3', '3', 'Sistema de Informação')
INSERT PeriodoDisciplina(SIGLA_CURSO, ANO_GRADE, SEMESTRE_GRADE, NUMERO_PERIODO, NOME_DISCIPLINA) VALUES ('PP', '2020', '4', '4', 'Publicidade e Propaganda')
INSERT PeriodoDisciplina(SIGLA_CURSO, ANO_GRADE, SEMESTRE_GRADE, NUMERO_PERIODO, NOME_DISCIPLINA) VALUES ('PG', '2021', '5', '5', 'Pedagogia')

/*INSERÇÃO TABELA QUESTAO*/
INSERT Questao(NOME_DISCIPLINA, ANO_OFERTADO, SEMESTRE_OFERTADO, ID_TURMA, NUMERO, DATA_LIMITE_ENTREGA, DESCRICAO, DATA) VALUES ('Administração', '2017', '1', '1', '1', '11/29/2017', 'Questão 1 - Fazer em grupo (4 pessoas)', '11/16/2017')
INSERT Questao(NOME_DISCIPLINA, ANO_OFERTADO, SEMESTRE_OFERTADO, ID_TURMA, NUMERO, DATA_LIMITE_ENTREGA, DESCRICAO, DATA) VALUES ('Filosofia', '2018', '2', '2', '2', '11/29/2018', 'Questão 1 - Fazer em grupo (4 pessoas)', '11/16/2017')
INSERT Questao(NOME_DISCIPLINA, ANO_OFERTADO, SEMESTRE_OFERTADO, ID_TURMA, NUMERO, DATA_LIMITE_ENTREGA, DESCRICAO, DATA) VALUES ('Sistema de Informação', '2019', '3', '3', '3', '11/29/2019', 'Questão 1 - Fazer em grupo (4 pessoas)', '11/16/2017')
INSERT Questao(NOME_DISCIPLINA, ANO_OFERTADO, SEMESTRE_OFERTADO, ID_TURMA, NUMERO, DATA_LIMITE_ENTREGA, DESCRICAO, DATA) VALUES ('Publicidade e Propaganda', '2020', '4', '4', '4', '11/29/2020', 'Questão 1 - Fazer em grupo (4 pessoas)', '11/16/2017')
INSERT Questao(NOME_DISCIPLINA, ANO_OFERTADO, SEMESTRE_OFERTADO, ID_TURMA, NUMERO, DATA_LIMITE_ENTREGA, DESCRICAO, DATA) VALUES ('Pedagogia', '2021', '5', '5', '5', '11/29/2021', 'Questão 1 - Fazer em grupo (4 pessoas)', '11/16/2017')

/*INSERÇÃO TABELA ARQUIVOS_QUESTAO*/
INSERT ArquivosQuestao(NOME_DISCIPLINA, ANO_OFERTADO, SEMESTRE_OFERTADO, ID_TURMA, NUMERO_QUESTAO, ARQUIVO) VALUES ('Administração', '2017', '1', '1', '1', 'Questao_ADM.txt')
INSERT ArquivosQuestao(NOME_DISCIPLINA, ANO_OFERTADO, SEMESTRE_OFERTADO, ID_TURMA, NUMERO_QUESTAO, ARQUIVO) VALUES ('Filosofia', '2018', '2', '2', '2', 'Questao_FIL.txt')
INSERT ArquivosQuestao(NOME_DISCIPLINA, ANO_OFERTADO, SEMESTRE_OFERTADO, ID_TURMA, NUMERO_QUESTAO, ARQUIVO) VALUES ('Sistema de Informação', '2019', '3', '3', '3', 'Questao_SI.txt')
INSERT ArquivosQuestao(NOME_DISCIPLINA, ANO_OFERTADO, SEMESTRE_OFERTADO, ID_TURMA, NUMERO_QUESTAO, ARQUIVO) VALUES ('Publicidade e Propaganda', '2020', '4', '4', '4', 'Questao_PP.txt')
INSERT ArquivosQuestao(NOME_DISCIPLINA, ANO_OFERTADO, SEMESTRE_OFERTADO, ID_TURMA, NUMERO_QUESTAO, ARQUIVO) VALUES ('Pedagogia', '2021', '5', '5', '5', 'Questao_PG.txt')

/*INSERÇÃO TABELA RESPOSTA*/
INSERT Resposta(NOME_DISCIPLINA, ANO_OFERTADO, SEMESTRE_OFERTADO, ID_TURMA, NUMERO_QUESTAO, RA_ALUNO, DATA_AVALIACAO, NOTA, AVALIACAO, DESCRICAO, DATA_DE_ENVIO) VALUES ('Administração', '2017', '1', '1', '1', '70', '11/29/2017', '4', 'Otimas respostas', 'Questão 1', '11/28/2017')
INSERT Resposta(NOME_DISCIPLINA, ANO_OFERTADO, SEMESTRE_OFERTADO, ID_TURMA, NUMERO_QUESTAO, RA_ALUNO, DATA_AVALIACAO, NOTA, AVALIACAO, DESCRICAO, DATA_DE_ENVIO) VALUES ('Administração', '2017', '1', '1', '1', '71', '11/29/2017', '3', 'Falta de clareza nas respostas', 'Questão 1', '11/28/2017')
INSERT Resposta(NOME_DISCIPLINA, ANO_OFERTADO, SEMESTRE_OFERTADO, ID_TURMA, NUMERO_QUESTAO, RA_ALUNO, DATA_AVALIACAO, NOTA, AVALIACAO, DESCRICAO, DATA_DE_ENVIO) VALUES ('Administração', '2017', '1', '1', '1', '72', '11/29/2017', '1', 'Base muito básica do conteúdo', 'Questão 1', '11/28/2017')

INSERT Resposta(NOME_DISCIPLINA, ANO_OFERTADO, SEMESTRE_OFERTADO, ID_TURMA, NUMERO_QUESTAO, RA_ALUNO, DATA_AVALIACAO, NOTA, AVALIACAO, DESCRICAO, DATA_DE_ENVIO) VALUES ('Filosofia', '2018', '2', '2', '2', '73', '11/29/2018', '4', 'Otimas respostas', 'Questão 1', '11/28/2017')
INSERT Resposta(NOME_DISCIPLINA, ANO_OFERTADO, SEMESTRE_OFERTADO, ID_TURMA, NUMERO_QUESTAO, RA_ALUNO, DATA_AVALIACAO, NOTA, AVALIACAO, DESCRICAO, DATA_DE_ENVIO) VALUES ('Filosofia', '2018', '2', '2', '2', '74', '11/29/2018', '2', 'Falta de clareza nas respostas', 'Questão 1', '11/28/2017')
INSERT Resposta(NOME_DISCIPLINA, ANO_OFERTADO, SEMESTRE_OFERTADO, ID_TURMA, NUMERO_QUESTAO, RA_ALUNO, DATA_AVALIACAO, NOTA, AVALIACAO, DESCRICAO, DATA_DE_ENVIO) VALUES ('Filosofia', '2018', '2', '2', '2', '75', '11/29/2018', '2', 'Base muito básica do conteúdo', 'Questão 1', '11/28/2017')

INSERT Resposta(NOME_DISCIPLINA, ANO_OFERTADO, SEMESTRE_OFERTADO, ID_TURMA, NUMERO_QUESTAO, RA_ALUNO, DATA_AVALIACAO, NOTA, AVALIACAO, DESCRICAO, DATA_DE_ENVIO) VALUES ('Sistema de Informação', '2019', '3', '3', '3', '61', '11/29/2019', '4', 'Otimas respostas', 'Questão 1', '11/28/2017')
INSERT Resposta(NOME_DISCIPLINA, ANO_OFERTADO, SEMESTRE_OFERTADO, ID_TURMA, NUMERO_QUESTAO, RA_ALUNO, DATA_AVALIACAO, NOTA, AVALIACAO, DESCRICAO, DATA_DE_ENVIO) VALUES ('Sistema de Informação', '2019', '3', '3', '3', '62', '11/29/2019', '4', 'Otimas respostas', 'Questão 1', '11/28/2017')
INSERT Resposta(NOME_DISCIPLINA, ANO_OFERTADO, SEMESTRE_OFERTADO, ID_TURMA, NUMERO_QUESTAO, RA_ALUNO, DATA_AVALIACAO, NOTA, AVALIACAO, DESCRICAO, DATA_DE_ENVIO) VALUES ('Sistema de Informação', '2019', '3', '3', '3', '63', '11/29/2019', '4', 'Otimas respostas', 'Questão 1', '11/28/2017')

INSERT Resposta(NOME_DISCIPLINA, ANO_OFERTADO, SEMESTRE_OFERTADO, ID_TURMA, NUMERO_QUESTAO, RA_ALUNO, DATA_AVALIACAO, NOTA, AVALIACAO, DESCRICAO, DATA_DE_ENVIO) VALUES ('Publicidade e Propaganda', '2020', '4', '4', '4', '64', '11/29/2020', '4', 'Otimas respostas', 'Questão 1', '11/28/2017')
INSERT Resposta(NOME_DISCIPLINA, ANO_OFERTADO, SEMESTRE_OFERTADO, ID_TURMA, NUMERO_QUESTAO, RA_ALUNO, DATA_AVALIACAO, NOTA, AVALIACAO, DESCRICAO, DATA_DE_ENVIO) VALUES ('Publicidade e Propaganda', '2020', '4', '4', '4', '65', '11/29/2020', '4', 'Otimas respostas', 'Questão 1', '11/28/2017')
INSERT Resposta(NOME_DISCIPLINA, ANO_OFERTADO, SEMESTRE_OFERTADO, ID_TURMA, NUMERO_QUESTAO, RA_ALUNO, DATA_AVALIACAO, NOTA, AVALIACAO, DESCRICAO, DATA_DE_ENVIO) VALUES ('Publicidade e Propaganda', '2020', '4', '4', '4', '66', '11/29/2020', '0', 'Mal aproveitamento da materia', 'Questão 1', '11/28/2017')

INSERT Resposta(NOME_DISCIPLINA, ANO_OFERTADO, SEMESTRE_OFERTADO, ID_TURMA, NUMERO_QUESTAO, RA_ALUNO, DATA_AVALIACAO, NOTA, AVALIACAO, DESCRICAO, DATA_DE_ENVIO) VALUES ('Pedagogia', '2021', '5', '5', '5', '67', '11/29/2021', '4', 'Otimas respostas', 'Questão 1', '11/28/2017')
INSERT Resposta(NOME_DISCIPLINA, ANO_OFERTADO, SEMESTRE_OFERTADO, ID_TURMA, NUMERO_QUESTAO, RA_ALUNO, DATA_AVALIACAO, NOTA, AVALIACAO, DESCRICAO, DATA_DE_ENVIO) VALUES ('Pedagogia', '2021', '5', '5', '5', '68', '11/29/2021', '3', 'Bom', 'Questão 1', '11/28/2017')
INSERT Resposta(NOME_DISCIPLINA, ANO_OFERTADO, SEMESTRE_OFERTADO, ID_TURMA, NUMERO_QUESTAO, RA_ALUNO, DATA_AVALIACAO, NOTA, AVALIACAO, DESCRICAO, DATA_DE_ENVIO) VALUES ('Pedagogia', '2021', '5', '5', '5', '69', '11/29/2021', '3', 'Bom', 'Questão 1', '11/28/2017')

/*INSERÇÃO TABELA ARQUIVOS_RESPOSTA*/
INSERT ArquivosResposta(NOME_DISCIPLINA, ANO_OFERTADO, SEMESTRE_OFERTADO, ID_TURMA, NUMERO_QUESTAO, RA_ALUNO, ARQUIVO) VALUES ('Administração', '2017', '1', '1', '1', '70', 'RespostasADM.txt')
INSERT ArquivosResposta(NOME_DISCIPLINA, ANO_OFERTADO, SEMESTRE_OFERTADO, ID_TURMA, NUMERO_QUESTAO, RA_ALUNO, ARQUIVO) VALUES ('Administração', '2017', '1', '1', '1', '71', 'RespostasADMm.txt')
INSERT ArquivosResposta(NOME_DISCIPLINA, ANO_OFERTADO, SEMESTRE_OFERTADO, ID_TURMA, NUMERO_QUESTAO, RA_ALUNO, ARQUIVO) VALUES ('Administração', '2017', '1', '1', '1', '72', 'RespostasADMmm.txt')

INSERT ArquivosResposta(NOME_DISCIPLINA, ANO_OFERTADO, SEMESTRE_OFERTADO, ID_TURMA, NUMERO_QUESTAO, RA_ALUNO, ARQUIVO) VALUES ('Filosofia', '2018', '2', '2', '2', '73', 'RespostasFILO.txt')
INSERT ArquivosResposta(NOME_DISCIPLINA, ANO_OFERTADO, SEMESTRE_OFERTADO, ID_TURMA, NUMERO_QUESTAO, RA_ALUNO, ARQUIVO) VALUES ('Filosofia', '2018', '2', '2', '2', '74', 'RespostasFILOo.txt')
INSERT ArquivosResposta(NOME_DISCIPLINA, ANO_OFERTADO, SEMESTRE_OFERTADO, ID_TURMA, NUMERO_QUESTAO, RA_ALUNO, ARQUIVO) VALUES ('Filosofia', '2018', '2', '2', '2', '75', 'RespostasFILOoo.txt')

INSERT ArquivosResposta(NOME_DISCIPLINA, ANO_OFERTADO, SEMESTRE_OFERTADO, ID_TURMA, NUMERO_QUESTAO, RA_ALUNO, ARQUIVO) VALUES ('Sistema de Informação', '2019', '3', '3', '3', '61', 'RespostasSI.txt')
INSERT ArquivosResposta(NOME_DISCIPLINA, ANO_OFERTADO, SEMESTRE_OFERTADO, ID_TURMA, NUMERO_QUESTAO, RA_ALUNO, ARQUIVO) VALUES ('Sistema de Informação', '2019', '3', '3', '3', '62', 'RespostasSIi.txt')
INSERT ArquivosResposta(NOME_DISCIPLINA, ANO_OFERTADO, SEMESTRE_OFERTADO, ID_TURMA, NUMERO_QUESTAO, RA_ALUNO, ARQUIVO) VALUES ('Sistema de Informação', '2019', '3', '3', '3', '63', 'RespostasSIii.txt')

INSERT ArquivosResposta(NOME_DISCIPLINA, ANO_OFERTADO, SEMESTRE_OFERTADO, ID_TURMA, NUMERO_QUESTAO, RA_ALUNO, ARQUIVO) VALUES ('Publicidade e Propaganda', '2020', '4', '4', '4', '64', 'RespostasPP.txt')
INSERT ArquivosResposta(NOME_DISCIPLINA, ANO_OFERTADO, SEMESTRE_OFERTADO, ID_TURMA, NUMERO_QUESTAO, RA_ALUNO, ARQUIVO) VALUES ('Publicidade e Propaganda', '2020', '4', '4', '4', '65', 'RespostasPPp.txt')
INSERT ArquivosResposta(NOME_DISCIPLINA, ANO_OFERTADO, SEMESTRE_OFERTADO, ID_TURMA, NUMERO_QUESTAO, RA_ALUNO, ARQUIVO) VALUES ('Publicidade e Propaganda', '2020', '4', '4', '4', '66', 'RespostasPPpp.txt')

INSERT ArquivosResposta(NOME_DISCIPLINA, ANO_OFERTADO, SEMESTRE_OFERTADO, ID_TURMA, NUMERO_QUESTAO, RA_ALUNO, ARQUIVO) VALUES ('Pedagogia', '2021', '5', '5', '5', '67', 'RespostasPG.txt')
INSERT ArquivosResposta(NOME_DISCIPLINA, ANO_OFERTADO, SEMESTRE_OFERTADO, ID_TURMA, NUMERO_QUESTAO, RA_ALUNO, ARQUIVO) VALUES ('Pedagogia', '2021', '5', '5', '5', '68', 'RespostasPGg.txt')
INSERT ArquivosResposta(NOME_DISCIPLINA, ANO_OFERTADO, SEMESTRE_OFERTADO, ID_TURMA, NUMERO_QUESTAO, RA_ALUNO, ARQUIVO) VALUES ('Pedagogia', '2021', '5', '5', '5', '69', 'RespostasPGgg.txt')
